Id,username,name,group,phone
665399396,ComicEnthousiast,BoguChogu,@Saitama_Inu,
2124690106,Liani92,G,@Saitama_Inu,
1910896716,B_llionaire,Billionaire ü§ëüìä,@Saitama_Inu,
5000822083,djmaverick168,RommelD,@Saitama_Inu,
2084581507,Eli4u2c,EliJacq,@Saitama_Inu,
1324603819,lunaluvs,Luna,@Saitama_Inu,
1666192440,,ÿßÿ®Ÿà ÿÆŸÑŸäŸÑ,@Saitama_Inu,
5011526748,YanTiforp,YanTif'orp,@Saitama_Inu,
1664442006,AdrVld,AdrVld,@Saitama_Inu,
2127526445,milad_service_94949,Milad service,@Saitama_Inu,
2107917991,Milad_servicemdkd,MiladService,@Saitama_Inu,
2136493403,CDSmackabear,ShaneD,@Saitama_Inu,
1338785836,swiftpand,Sop,@Saitama_Inu,
1243650308,,Erhan,@Saitama_Inu,
1554737539,freedomoftheunbanked,Andreas (Will never dm you first),@Saitama_Inu,
777479552,HoshamIBRAHIM,HoshamIbrahim,@Saitama_Inu,
5042745491,,BahSantos,@Saitama_Inu,
359860888,modihabi,Arab Money,@Saitama_Inu,
5064448583,Monski2002,KomodoDragon,@Saitama_Inu,
747884923,,Trivia [will not Dm first],@Saitama_Inu,
1201768669,Dah_Grinch,CharlesOdiyeye,@Saitama_Inu,
1023435281,omoglu,ShashankSingh,@Saitama_Inu,
1599333856,ilcod000,Orion,@Saitama_Inu,
1314503525,,D√©ograciasMETOGBE,@Saitama_Inu,
810841061,BlueYounder,Blue,@Saitama_Inu,
1781552854,,JoseC,@Saitama_Inu,
1609059803,,Mr18,@Saitama_Inu,
376724734,JumanjiBK,Julian | RPS,@Saitama_Inu,
1883894071,,Chelle,@Saitama_Inu,
1079691208,alipik666,77,@Saitama_Inu,
1962618596,ramz909,RamzRamz,@Saitama_Inu,
1853039910,,incognit0,@Saitama_Inu,
303790411,ronironzie,Roni Fe,@Saitama_Inu,
1236262972,,Joe,@Saitama_Inu,
2006710946,,SANDEEPNARULA,@Saitama_Inu,
1099905688,,achouakben,@Saitama_Inu,
1085641397,Yaslam,HASSANII,@Saitama_Inu,
1319332195,,LeaderBitcion,@Saitama_Inu,
5061802617,,Hicham,@Saitama_Inu,
1754952550,Ca33andra,CASSANDRA,@Saitama_Inu,
843722096,iAM110,AM,@Saitama_Inu,
345174364,SandeepMangal91,S.G.W,@Saitama_Inu,
1345814090,As1ngh,ASingh,@Saitama_Inu,
1443830942,CENTROID747,CENTROID,@Saitama_Inu,
1293056040,,H2O,@Saitama_Inu,
1909331385,yave0112,Ïï†Ìîå,@Saitama_Inu,
2053090020,brendasmith4,brendasmith,@Saitama_Inu,
1780820815,irk079,Irfan RazaaKhan,@Saitama_Inu,
1157042065,emilylogan0970,EmilyLogan,@Saitama_Inu,
480191271,Mkay2010,Mk,@Saitama_Inu,
95207117,fernando88ok,Tobe,@Saitama_Inu,
1600857277,Samanimkr,Samani,@Saitama_Inu,
1139770755,lookensss,AmanguoiAlex,@Saitama_Inu,
1187527718,corni77,Corni,@Saitama_Inu,
1201865556,Joseptoyin,OlugbodiJoseph,@Saitama_Inu,
1529603510,Leonyabs1,LeeNyabs,@Saitama_Inu,
551238749,BSI2210,BenE2Sa,@Saitama_Inu,
1443270050,,AbdullahYazƒ±cƒ±,@Saitama_Inu,
1515796781,,SHILL-NOBI-Joey,@Saitama_Inu,
932023153,,Speed,@Saitama_Inu,
2132578586,,Allan,@Saitama_Inu,
746752351,Cidasis,CIDASIS,@Saitama_Inu,
422579223,Bukkhari,bukha,@Saitama_Inu,
695557806,Crispreme,DeFiCris*+*IG@CRISPREMEüß™üß™Cris,@Saitama_Inu,
825606928,karuma123,Satya,@Saitama_Inu,
667257735,LeaderPrince,GAmsugHvinci,@Saitama_Inu,
2063927549,,KyleRussell,@Saitama_Inu,
1610791626,Are411,AdamE.,@Saitama_Inu,
5013367842,Crypaito10,CryptoMonedas,@Saitama_Inu,
1608303727,spike_cryptoman,Alexander,@Saitama_Inu,
2095475837,YassineLgabed,YassineLgabed,@Saitama_Inu,
2144692262,,DaVine,@Saitama_Inu,
2082279962,,KokoKoooo,@Saitama_Inu,
1283069003,,BasemOraif,@Saitama_Inu,
1927442237,sotakonnatohtori,SotaKonnatohtori,@Saitama_Inu,
397615807,NosceNosce,Nosce,@Saitama_Inu,
2132629220,RomeuFB,Romeu,@Saitama_Inu,
1747012113,,Erika,@Saitama_Inu,
1999014666,,CratosMeitod,@Saitama_Inu,
5069819775,its_Ribako,Ribako,@Saitama_Inu,
1888072046,Nga_Sakidila,Nga Sakidila,@Saitama_Inu,
1602456268,SCJedStar,SC,@Saitama_Inu,
828010402,,SalahEl Faiz,@Saitama_Inu,
96698042,,BabakM,@Saitama_Inu,
1969415946,originalkishu,MIce,@Saitama_Inu,
2096458082,,Misstheoldkanye,@Saitama_Inu,
535073365,MMBUHARI,MB,@Saitama_Inu,
1076023028,Naor27,N,@Saitama_Inu,
1365839857,Kadiatousacko15,The PLSWay,@Saitama_Inu,
547294226,,MM,@Saitama_Inu,
2119495420,suiiiix,SUII,@Saitama_Inu,
287502975,DrWillis,DrGrey,@Saitama_Inu,
922687457,JaneJami,Petal,@Saitama_Inu,
745396856,,AbdouAbdou,@Saitama_Inu,
1417377237,,BrunoPires,@Saitama_Inu,
1184921116,grandedizer,grindizer,@Saitama_Inu,
1754039038,crypto4ever4me,CryptoShrypto,@Saitama_Inu,
2135316293,lynnlove22,Lynn,@Saitama_Inu,
43893894,JH198261,S.JH,@Saitama_Inu,
2005086615,,$$ ZOMBIES MOB $$,@Saitama_Inu,
1056687314,chavan1980,NAYANCHAVAN,@Saitama_Inu,
561455625,,LM,@Saitama_Inu,
1941871171,Sick_Timez_2013,SickTimez,@Saitama_Inu,
1506019543,,AwnMed,@Saitama_Inu,
2138008903,Gaj0311,Ricky,@Saitama_Inu,
2054210187,mobipass,Simo,@Saitama_Inu,
1169140179,Cryptonnaire,Crypto Lady,@Saitama_Inu,
5043794798,sissy952,SandraJohnson,@Saitama_Inu,
439877507,,$ DH Crypto $,@Saitama_Inu,
1450538392,Sokomart,Abdi,@Saitama_Inu,
1589888496,doseelin,ES,@Saitama_Inu,
889700772,willh091,WillH,@Saitama_Inu,
5066179013,,AmineGOU,@Saitama_Inu,
1973559622,,......,@Saitama_Inu,
1815572617,Cci555,claire,@Saitama_Inu,
1047137658,MarcelHuetten,MarcelHuetten,@Saitama_Inu,
628118751,ConfidenceLK,AJ,@Saitama_Inu,
1369328425,eg203,E.GKhaf,@Saitama_Inu,
1466714193,,MichaelJohnson,@Saitama_Inu,
377000088,jadman,jaouad,@Saitama_Inu,
1442163717,zenitso0,zenitsu,@Saitama_Inu,
1662421913,CemTrUsa,CemOzenci,@Saitama_Inu,
1371009539,Danytoday,Daniel Egbule,@Saitama_Inu,
1747415759,,TK,@Saitama_Inu,
5046976339,,DvdBls,@Saitama_Inu,
728146325,fahrifahree,„Ö§„Ö§,@Saitama_Inu,
1037270644,Himonia,Krish,@Saitama_Inu,
97902167,AlirezaGholin,AliGh,@Saitama_Inu,
1553047852,Ayouchka69,Ayouchka69,@Saitama_Inu,
692914067,SultanJoSS,Sultan JoSS,@Saitama_Inu,
939984630,Samrath8827,PatidarPatidar,@Saitama_Inu,
1998273921,Lsama01,LSama,@Saitama_Inu,
1601207581,lukegregory93,Lukeern,@Saitama_Inu,
1816625485,,QueenSama,@Saitama_Inu,
1223596588,Lamisterd,D√âL√â,@Saitama_Inu,
1886258190,,JL,@Saitama_Inu,
1137949083,Lexxbbbb,lex,@Saitama_Inu,
1455620092,Erysyahputra,ErySyahputra,@Saitama_Inu,
1500195851,Robbyhasibuan,Robby GHasibuan,@Saitama_Inu,
1467324166,Fry6969,Fry,@Saitama_Inu,
132346351,iphonator,1,@Saitama_Inu,
1295097649,CharlyBlue,CharlyBlue,@Saitama_Inu,
5019273665,Mai_Leo,MairiLeonard,@Saitama_Inu,
471058883,SantoshPG8197709934,SantoshPG,@Saitama_Inu,
5066847143,,TomiStark,@Saitama_Inu,
1833937640,HODL366,Hold theLine,@Saitama_Inu,
438408166,,Peter,@Saitama_Inu,
1107250843,KurHasan,Bi bitmediniz,@Saitama_Inu,
5052091033,,ok,@Saitama_Inu,
255209144,,Iskandar,@Saitama_Inu,
2088968685,,Gambz,@Saitama_Inu,
1829110463,Mar939393,ML,@Saitama_Inu,
768881023,dolzhenOk,–ê–Ω–∞—Ç–æ–ª–∏–π –ü–µ—Ç—Ä–æ–≤–∏—á,@Saitama_Inu,
1989496091,TBnLA,Travis,@Saitama_Inu,
5085585499,,Mehul,@Saitama_Inu,
852929616,jttiwari,Jatin,@Saitama_Inu,
2052915949,jack_son54,Kilo,@Saitama_Inu,
1311864484,,NguyenNhan,@Saitama_Inu,
1083443613,am_mans,AM,@Saitama_Inu,
696619211,canimike,Mike,@Saitama_Inu,
5000351081,,VilGhoh,@Saitama_Inu,
263856485,Rezashahzamani,RezaShahzamani,@Saitama_Inu,
1664207205,Monkfish79,Monkfisch79,@Saitama_Inu,
1344521730,Hobireceh,Bukan bangjago,@Saitama_Inu,
1349253241,,PG,@Saitama_Inu,
877814074,,drissmanbis,@Saitama_Inu,
97067104,barihi33,AliBarihi,@Saitama_Inu,
1401777211,alberto394,OscarMendez,@Saitama_Inu,
1277801370,,SodolonfoJean Luc,@Saitama_Inu,
967708105,,Emmanuel,@Saitama_Inu,
1495801794,,MukhtarOpera,@Saitama_Inu,
994716456,,F. G,@Saitama_Inu,
1070326548,,absa,@Saitama_Inu,
1040938360,Ruslanachudo,RuslanaChudo,@Saitama_Inu,
1943420740,,Fr√´dC√©ltico,@Saitama_Inu,
1032470266,AlbionG,AG,@Saitama_Inu,
786560088,DDav006,aD,@Saitama_Inu,
1750704625,,LL,@Saitama_Inu,
5014621111,,ËõãËõã,@Saitama_Inu,
1658523230,New035,New035,@Saitama_Inu,
1165103901,kaderlechampion,Batteryactivit√©,@Saitama_Inu,
359552403,,Arash M,@Saitama_Inu,
1601111764,llazlow,Pierre,@Saitama_Inu,
2007830020,,Samuli,@Saitama_Inu,
1423649808,,Ruben,@Saitama_Inu,
1724261711,VagnerPereir,Vagner,@Saitama_Inu,
1880483655,,IRollout,@Saitama_Inu,
1078584662,PoTTeR_1988,Colon,@Saitama_Inu,
146366634,Moraadkhani,ŸÖÿ¨ÿ™ÿ®€åŸÖÿ±ÿßÿØÿÆÿßŸÜ€å,@Saitama_Inu,
811205760,edou1025,StevenSt. Marc,@Saitama_Inu,
1200931430,JuneBongay,June CeprianoBongay,@Saitama_Inu,
171588570,alexshopski,alx,@Saitama_Inu,
5052681185,cybergem,CyberGem,@Saitama_Inu,
1671365836,,MickCorcoran,@Saitama_Inu,
253417513,,Mojtaba,@Saitama_Inu,
875124626,kinafred18,kinafred18,@Saitama_Inu,
1819501130,Shyampillai2000,ShyamPillai,@Saitama_Inu,
2092384117,,AmaviAmackoue,@Saitama_Inu,
1662719577,,ShinjaKnight,@Saitama_Inu,
1670859342,matthiasn,Matthias,@Saitama_Inu,
1534683048,akusiapaya134,aku siapa,@Saitama_Inu,
1311132067,Cani1983,Le Justicier,@Saitama_Inu,
945322973,Drk571,Txny,@Saitama_Inu,
961312646,,Junaid,@Saitama_Inu,
361322153,SIGlucky,StefanDyakov,@Saitama_Inu,
1122903791,,Perso,@Saitama_Inu,
268367716,MohsenBakhtiyari,Mohsen Bakhtiyari,@Saitama_Inu,
2107536404,aditi008,Aditi,@Saitama_Inu,
524901590,frenchknife,fr,@Saitama_Inu,
1006156635,,FavEur,@Saitama_Inu,
5082519941,,MarcoVaspuli,@Saitama_Inu,
1270958840,Jaimevi1,JaimeVi√±anzaca,@Saitama_Inu,
1384904750,,..,@Saitama_Inu,
963405162,,Naofumi,@Saitama_Inu,
1572880520,Maan7779,Osma,@Saitama_Inu,
1214449228,,Archie,@Saitama_Inu,
1417009873,Blocus30,Abdoulaye,@Saitama_Inu,
397367103,SheikhAdra,S. Adra,@Saitama_Inu,
1068909741,ButchKacidy,ButchKacidy,@Saitama_Inu,
801271332,aradtrader20,AradTrader,@Saitama_Inu,
5014292034,,Ay.Hu.,@Saitama_Inu,
490466106,kucing_BTC,ZulFitriadi,@Saitama_Inu,
1495093215,,Slim Jxmmy,@Saitama_Inu,
1394558646,Atay_admin,BEKSULTAN,@Saitama_Inu,
1174230993,,Mt,@Saitama_Inu,
744375809,bujiairforce,Mboopathy,@Saitama_Inu,
500483433,ekwebtech,‡•ßWebTech,@Saitama_Inu,
573644575,arshkoko,JagjeetSingh,@Saitama_Inu,
5099990835,JusticeOTP,JusticeOTP,@Saitama_Inu,
1131737698,,ÍπÄÎ≥ëÏàò,@Saitama_Inu,
2012823487,CryptoSenseiiii,CryptoSenseiiii,@Saitama_Inu,
5069929934,,BhattSatish,@Saitama_Inu,
934048833,Marwane_verde,Verde,@Saitama_Inu,
5083044273,Randipanglima,RandiPanglima,@Saitama_Inu,
1159810474,justinafny,JustinaFyneface,@Saitama_Inu,
1329057502,DODI777,KEYDO6174,@Saitama_Inu,
1792422674,qwartzy,Donnnn,@Saitama_Inu,
1563366775,grindpaid,Z,@Saitama_Inu,
1079026830,,MAJIDBou,@Saitama_Inu,
973114944,,Sisi,@Saitama_Inu,
893024276,Akramrock,MohammedWaseem kram,@Saitama_Inu,
847745780,naza5119,Naza,@Saitama_Inu,
1808266144,tweekopx10,DoraBoots,@Saitama_Inu,
1979923408,,Modir,@Saitama_Inu,
1413371599,alieeen1987,Ammar Maher üçÇ,@Saitama_Inu,
533806686,Misstaty1,Tatiana,@Saitama_Inu,
1699587437,Token0098,blacklabel,@Saitama_Inu,
2119462896,,Neo,@Saitama_Inu,
1200565781,javierxvargas,JavierVargas,@Saitama_Inu,
2145942428,longtran8711,LongTran,@Saitama_Inu,
103104830,AbolfazlByousefi,BY,@Saitama_Inu,
1556704026,NdizzleUK,NDizzle,@Saitama_Inu,
1094470580,,AmitKushwaha,@Saitama_Inu,
1269242296,Kondjale,BiaouSimon,@Saitama_Inu,
1801373119,,Bbman,@Saitama_Inu,
1238500674,,AyoubAhfoue,@Saitama_Inu,
5081984981,Maxxwhale,Max | @MaxFamilyApe,@Saitama_Inu,
5053492191,,EF,@Saitama_Inu,
5001791781,,Help Desk,@Saitama_Inu,
1188361837,DonKenney,Don_Kenney,@Saitama_Inu,
149729811,Tivan2020,Tivan,@Saitama_Inu,
5057558519,,Shiza,@Saitama_Inu,
1175693748,Ali058778,Aÿßÿ®ŸàŸÖÿ≠ŸÖÿØ,@Saitama_Inu,
851908425,Abdalla19951995,ÿπÿ®ÿØÿßŸÑŸÑŸá,@Saitama_Inu,
288291699,MechMycointainer,Kosta p2pb2b Mycointainerp2pb2b Mycointainer,@Saitama_Inu,
5034456596,Market_pyBotServices,Flash.py,@Saitama_Inu,
804287020,crazybroker,EB,@Saitama_Inu,
5028273074,Quacamole666,Quavana Quarana / www.leopardinu.com,@Saitama_Inu,
5025428621,,Mir,@Saitama_Inu,
113825423,BURFO,‚Äå BURFOBCN,@Saitama_Inu,
1642988204,xDayan,Dayan,@Saitama_Inu,
1034050672,Kpandja2019,KpandjaTAKAYE,@Saitama_Inu,
879158115,dheeranmano,ManoMR,@Saitama_Inu,
974535838,KeelORolls,MikeWend,@Saitama_Inu,
1049700711,,AkramKhan,@Saitama_Inu,
904911760,ChrisLeKua,ChrisLe' Kua,@Saitama_Inu,
1063396331,Hansaplastttt,Boe,@Saitama_Inu,
1642045799,,Ïß±Ïß±,@Saitama_Inu,
294336077,,OkoliePC,@Saitama_Inu,
1373960087,,Ishu,@Saitama_Inu,
2046794338,,Michael,@Saitama_Inu,
1216507363,MrElPro,MrEl-Pro,@Saitama_Inu,
1893790288,,FF,@Saitama_Inu,
980254909,,Zaki,@Saitama_Inu,
364945537,nurse369,KawaRn,@Saitama_Inu,
682179762,elkhatiri,MohamedElkhatiri,@Saitama_Inu,
1839064437,mdjuba61,MdJubayer,@Saitama_Inu,
542503043,clevermora,CleverMora,@Saitama_Inu,
1777938077,,VeveToto,@Saitama_Inu,
1375949632,Krishnas198,KrishnaChaitanya,@Saitama_Inu,
5097801577,Candy7976,Candy,@Saitama_Inu,
1598604669,raydawnc,Ray,@Saitama_Inu,
1942561809,athult7,AthulT,@Saitama_Inu,
1194481753,amirM369,AMIR.MNEW,@Saitama_Inu,
1823581653,Saita_Lobo,SaitaLobo,@Saitama_Inu,
1794315798,gryphonnova,YoLo,@Saitama_Inu,
1567123274,nmatese,NickMatese,@Saitama_Inu,
5091522059,bojagi,ÌòÑÏÑùÏù¥,@Saitama_Inu,
619554934,callmeliebert,joe,@Saitama_Inu,
395288038,ahme321op,Noah,@Saitama_Inu,
5047374677,ClowdsLilStorm,ReignClowd,@Saitama_Inu,
1033025340,akhileshpandit,AkhileshPandit,@Saitama_Inu,
279805773,Langgaagestya,L,@Saitama_Inu,
1252000803,blessed_022,VaibhavBagul,@Saitama_Inu,
1588352254,Sucessocriptos,Maverick,@Saitama_Inu,
925421976,Dodziko,Francis,@Saitama_Inu,
799935787,guinch08,BomissoVincent,@Saitama_Inu,
1967151541,Victoria_Azbit,VictoriaAzbit Listing Team,@Saitama_Inu,
2064726139,,Lil flokii,@Saitama_Inu,
869132308,makeithappen19,BensonMulenga,@Saitama_Inu,
1078782939,alikupcu,ALƒ∞K√úPC√ú,@Saitama_Inu,
406485422,Zouhair94,zouhair,@Saitama_Inu,
1058533046,EDerqaoui,El HassanDerqaoui,@Saitama_Inu,
759786748,Yassinekan,Yassine,@Saitama_Inu,
1794164277,,Moore,@Saitama_Inu,
1498843305,Lord4994unimoon,lordofunimoon,@Saitama_Inu,
1225696726,,.,@Saitama_Inu,
1421857004,,TareksistSemongko,@Saitama_Inu,
274373106,Sg7788,KG,@Saitama_Inu,
1808682620,gertsanem,GertSanem ( I Never DM You ),@Saitama_Inu,
831659657,minks95,Mar,@Saitama_Inu,
1611503448,bitcarecoin,BitCareCoinLLC,@Saitama_Inu,
1719943113,ETHSAITAMASOL,Seren,@Saitama_Inu,
283294255,mayrnmt,MayronMateo,@Saitama_Inu,
1754889016,Marthastave,Martha StaveAdams,@Saitama_Inu,
1091575948,rosewalter01,Flower Maxine.W,@Saitama_Inu,
410110876,AKshay9OP,AkshayOP,@Saitama_Inu,
1127559580,MichaelisEmpire,Michaelis Enterprises Ltd.,@Saitama_Inu,
86029311,,...,@Saitama_Inu,
1289969641,L77NN90,L7N,@Saitama_Inu,
5031543227,Metablackout_official,DavidMetablackout Official Never DM First,@Saitama_Inu,
2004094214,Cryptoking0077,CryptoKing,@Saitama_Inu,
2079176950,Zazouht,Isaac,@Saitama_Inu,
1038589579,,LegacyLife,@Saitama_Inu,
1743847552,Ahmed_aboeita,AhmedAbo etia,@Saitama_Inu,
859153082,samimiso,SM,@Saitama_Inu,
1113609284,,GirishSagar,@Saitama_Inu,
480356649,Rolanmathias,RolanMathias,@Saitama_Inu,
1627045553,,KloTeaze,@Saitama_Inu,
1251215837,,HarshithShetty,@Saitama_Inu,
1534719754,,Rajeev RanjanPhysics classes,@Saitama_Inu,919431881253
1509081282,,RezaDhahrian,@Saitama_Inu,
926455814,ashis_paul1989,MrPAUL,@Saitama_Inu,
1501145869,,Sanjo,@Saitama_Inu,
5058074129,Loganx1000,Logan,@Saitama_Inu,
1602792018,cagkantr,√áaƒükan-,@Saitama_Inu,
1382737009,,DeniHaryanto,@Saitama_Inu,
1718506191,,umeshjajuha,@Saitama_Inu,
2142575681,Dorodorota,doro,@Saitama_Inu,
600095154,hemant40,Hemant,@Saitama_Inu,
478668529,Padericke,Pade,@Saitama_Inu,
808196092,Hello_Wgl,rk,@Saitama_Inu,
77269733,Fardad_Naemi,fardadnaemi,@Saitama_Inu,
5030413179,,HamzatToken11,@Saitama_Inu,
1986512961,,Fran,@Saitama_Inu,
1487270503,,Andy,@Saitama_Inu,
1899590960,,Hasna Hasna,@Saitama_Inu,
440197558,Melvinch,Melvi,@Saitama_Inu,
1752670233,frankiequerido,FrankieQuerido,@Saitama_Inu,
5022747576,bemyhopeonlly,SaitasVish,@Saitama_Inu,
5053242211,,RennatGreb,@Saitama_Inu,
518324790,lanzhizhuxia,Elbert,@Saitama_Inu,
1723321281,SA7865,SajjadAli,@Saitama_Inu,
1936748834,CryptoCools22,CCcc,@Saitama_Inu,
5056875102,,SR,@Saitama_Inu,
642024764,,Chris,@Saitama_Inu,
1751287167,XLuckX,XLuckX,@Saitama_Inu,
1399264452,crypto_2021,(granger),@Saitama_Inu,
1582067888,,EinarReh,@Saitama_Inu,
1172774628,jth0001,jth0001,@Saitama_Inu,
1997743716,,Joe Hallenbeck,@Saitama_Inu,
1087824846,wilcan23,CANDA,@Saitama_Inu,
746463108,pinnacle111,UpendarYadav,@Saitama_Inu,
886378789,WVNWVN,XY-,@Saitama_Inu,
898066058,Azswin,AswinMuraleedharan,@Saitama_Inu,
5078112253,lissette1007,Sexy Crypto (Pump Queen üë∏),@Saitama_Inu,
1657644465,Technicalsupport010,AdministratorSupport,@Saitama_Inu,
77986067,enigma1361,. ÿ¥ÿßŸá ŸÖÿ≠ŸÖÿØ€å.,@Saitama_Inu,
837676405,,Eng AbdihakimMohamed Nor,@Saitama_Inu,
1612598548,looccii,Jean-Pierre Nsinga,@Saitama_Inu,
1016135555,,üî•üî•,@Saitama_Inu,
2117320526,,MaduProgress,@Saitama_Inu,
5070963049,,CryptoKoala,@Saitama_Inu,
1329126504,venkyendulal,Venky.,@Saitama_Inu,
1398882908,Amirmmd19,Amir,@Saitama_Inu,
1083665635,,bW,@Saitama_Inu,
1984032540,M_k_258_k,Pankaj RAY,@Saitama_Inu,
433923245,Hanamizu,HM |GWTP #2,@Saitama_Inu,
504309024,MJM381133,MJM,@Saitama_Inu,
5015459226,,D E X T E R,@Saitama_Inu,
5054501099,jp07120,Dr.Agon,@Saitama_Inu,
1738990837,,A,@Saitama_Inu,
1313103962,medimek,BossLionüí∞,@Saitama_Inu,
2018317331,Evaeyra,Eva,@Saitama_Inu,
1427192288,Jaxson999,Jaxson,@Saitama_Inu,
5069726188,,BayuIqbal,@Saitama_Inu,
1954812912,SweetestLeaf,SweetLeaf,@Saitama_Inu,
1157248009,,Â∏ÅÂä†Á±≥,@Saitama_Inu,
1578356554,yankess05,AhmedAbubakar,@Saitama_Inu,
1366549156,,Wints,@Saitama_Inu,
1793772036,,sidharthagorlapally,@Saitama_Inu,
1718421273,jonathanstoker,JonathanStoker,@Saitama_Inu,
1796324458,doola202020,Adel Elshaikh,@Saitama_Inu,
640032054,urmakz,maheshr,@Saitama_Inu,
2100633312,stavenX,Staven,@Saitama_Inu,
567427521,,ÿ±ÿ≠€åŸÖ€å‚ù§,@Saitama_Inu,
1036112948,,CfrTprk,@Saitama_Inu,
2082669565,AAK235,AAK,@Saitama_Inu,
1124055615,Gaurav_97697,GauravPatil,@Saitama_Inu,
1219414007,,doremon,@Saitama_Inu,
5022281429,jlaceforever,JlaceforeverLacevision,@Saitama_Inu,
1282320288,mnbencuri19,MarjunBencuri,@Saitama_Inu,
521298278,thedirector88,TheDirector,@Saitama_Inu,
1308478859,aaronnaar,Aaron,@Saitama_Inu,
1045180026,dragonvicky,vignesh krish,@Saitama_Inu,
1311317081,Hey_Cee_Cee,CeeCee,@Saitama_Inu,
5033180100,,Tu·∫•nChu,@Saitama_Inu,
529617938,alidubaba,Ismaila,@Saitama_Inu,
774311397,eudercvasquez,EUDER C. VASQUEZ,@Saitama_Inu,
910014173,,The globalAdvertising,@Saitama_Inu,
1319128975,Evadddddd,Eva,@Saitama_Inu,
764466202,nezume,Nazmi,@Saitama_Inu,
1285313447,zozoy1999,Zozoy,@Saitama_Inu,
569768673,,MD,@Saitama_Inu,
692003131,saifuddiiiiin,Joji,@Saitama_Inu,
771717085,sametx,samet,@Saitama_Inu,
2084245313,kenjiashiro,KenjiAshiro,@Saitama_Inu,
1868470609,FernandoSilvaPt,F@SilvaSouza,@Saitama_Inu,
470768664,,Mehdi@,@Saitama_Inu,
327047156,Hafid79,AfidJogja,@Saitama_Inu,
1249879746,Chrisdontask,Chris üá≥üá±,@Saitama_Inu,
1768082972,,Hamza,@Saitama_Inu,
1954322799,,Faisal,@Saitama_Inu,
2134753666,Johnmoon247,JohnSantos,@Saitama_Inu,
1181501215,escanor00112,escanor,@Saitama_Inu,
683131588,mtb2020up,JohnWick,@Saitama_Inu,
991473791,Psalmzy007,GbadmosiKing jnr,@Saitama_Inu,
1025885657,akimmikhailovs,akimmikhailovs,@Saitama_Inu,
2063988660,,AbcSoco,@Saitama_Inu,
1293292487,,DeepakTiwari,@Saitama_Inu,
1504588549,Polandmr,Mr.dev,@Saitama_Inu,
5045849667,bigmoneyitsmyname,slon,@Saitama_Inu,
422519146,,@@@@@@@@@@,@Saitama_Inu,
5097878262,Lucy_1314,Lucy,@Saitama_Inu,
555518493,,amir,@Saitama_Inu,
1894192911,Revenger89,Revenger,@Saitama_Inu,
1208406365,parmando84,Paulo,@Saitama_Inu,
1524539038,yuminsick,MinsickYu,@Saitama_Inu,
394106134,De_Socrates,Socrates,@Saitama_Inu,
1931613373,ebestGh,The BossesBoss,@Saitama_Inu,
1690577712,,Profeta shaman king,@Saitama_Inu,
2088089163,meh11111,Noob,@Saitama_Inu,
1355178488,Kitrwq,AjayKakkar,@Saitama_Inu,
1460439012,spriz1998,LeRisque,@Saitama_Inu,
1132251198,achrafx1,Achraf,@Saitama_Inu,
682497942,ELUDUCHRIST,ELUDUCHRIST,@Saitama_Inu,
1230011121,Kri_shna_24,Krishna,@Saitama_Inu,
5047127207,Linikale,Ani·Éê·Éú·Éò,@Saitama_Inu,
174051935,Saeed_net4,ÿ≥ÿπ€åÿØ,@Saitama_Inu,
748370578,OmAzami88,Omar,@Saitama_Inu,
671228936,Gautamzr,GAUTAM,@Saitama_Inu,
848127091,Gandharvadha_hudugaa,Gandharva,@Saitama_Inu,
139495742,milyarder1359,Mahmoud,@Saitama_Inu,
1082380810,prabh_d,Prabhav,@Saitama_Inu,
1841452908,Subu2818,Saurabh,@Saitama_Inu,
2028087562,lifeofe101,Mr. E,@Saitama_Inu,
2111293536,johnny2xm,Johnny2xm,@Saitama_Inu,
142302397,lxlj1022,YYD,@Saitama_Inu,
247086120,djamal345,–î–∂–∞–º–∞–ª–î–∂–∞–º–∞–ª,@Saitama_Inu,
2089981847,Ciaran_McHaggis,Carac,@Saitama_Inu,
1851951723,,Mia,@Saitama_Inu,
499536176,Brix1582,Gerry MurilloEtoc,@Saitama_Inu,
293391483,nexusago,Nexus,@Saitama_Inu,
1291685764,,PrasadBhat,@Saitama_Inu,
2116163903,,TheolinMoodley,@Saitama_Inu,
1659676425,,TimH,@Saitama_Inu,
1208529912,Universalsexx,PeterOmu,@Saitama_Inu,
162305201,eizz_7,izzatnasir,@Saitama_Inu,
1604958282,me_prince_sp,Me,@Saitama_Inu,
5033662679,,Ole,@Saitama_Inu,
1787813295,,MAF,@Saitama_Inu,
1955097675,Venom24x,VenomX,@Saitama_Inu,
1996796311,ere4dbeer,Mick,@Saitama_Inu,
1672228467,nearto,nearto,@Saitama_Inu,
1860094950,,ShahT3ch,@Saitama_Inu,
1127351570,,Geachte heer,@Saitama_Inu,
710594104,hemasultan,HemaSultan,@Saitama_Inu,
1685912103,cryptoman687,Michael,@Saitama_Inu,
1247176537,xhjxfjfjfjcjfj,samkh,@Saitama_Inu,
1863086004,Will_bittencourt,Will Bittencourt,@Saitama_Inu,
2145239653,,Insanebrown,@Saitama_Inu,
1009732102,,TejasDayat,@Saitama_Inu,
2117034557,kpauljustine,JustinePaul,@Saitama_Inu,
596150777,,Krtk,@Saitama_Inu,
794966535,Yassinee2532,YassineOuali,@Saitama_Inu,
1771099385,peettheghost,PeetThe Ghost,@Saitama_Inu,
1354080381,Mdfaijalalam97,MdFaijal,@Saitama_Inu,
2129450282,Savage_Shinja,$avage$hinja,@Saitama_Inu,
1653386662,KryptoAir71,Tony,@Saitama_Inu,
409620821,Itsakku,Akku,@Saitama_Inu,
1116731750,zeeshangull,ZeeshanGull,@Saitama_Inu,
1733883234,,Yassin,@Saitama_Inu,
1183426348,sjrs90,James,@Saitama_Inu,
1896042105,akash103103,Akash,@Saitama_Inu,
2128463596,MicinHunter13,MicinHunter,@Saitama_Inu,
1153234416,realBarocc,MF,@Saitama_Inu,
1615574556,,ParissKing,@Saitama_Inu,
1564060675,SRMB99,Scott,@Saitama_Inu,
1882182581,charles2787,CharlesDavid,@Saitama_Inu,
5079644377,,PIUS,@Saitama_Inu,
1864329819,CryptoVerse001,CryptoVerse,@Saitama_Inu,
1291212697,sfom000,S FOMA,@Saitama_Inu,
1350250254,ABMoeiz,AbdulMoeiz,@Saitama_Inu,
1004191544,,VenkyReddy,@Saitama_Inu,
1477925047,,G√∂khan,@Saitama_Inu,
2135513836,masters0344,Richiesglass3,@Saitama_Inu,
5025626031,BiHan0,VictoriaAnthony,@Saitama_Inu,
